{
  "timestamp": "20260220_203629",
  "study_params": {
    "alpha_range": [
      0.005,
      0.012
    ],
    "alpha_points": 20,
    "fixed_params": {
      "m_p": 1.6726219e-27,
      "m_e": 9.1093837e-31,
      "G": 6.6743e-11,
      "c": 299792458,
      "hbar": 1.0545718e-34,
      "epsilon_0": 8.8541878128e-12,
      "k_B": 1.380649e-23,
      "H_0": 67.4,
      "Lambda": 1e-52
    }
  },
  "our_universe": {
    "name": "Наша Вселенная",
    "alpha": 0.0072973525205055605,
    "m_p": 1.6726219e-27,
    "m_e": 9.1093837e-31,
    "G": 6.6743e-11,
    "c": 299792458,
    "hbar": 1.0545718e-34,
    "epsilon_0": 8.8541878128e-12,
    "k_B": 1.380649e-23,
    "H_0": 67.4,
    "Lambda": 1e-52
  },
  "thresholds": {
    "optimal": 0.875,
    "marginal": 0.84,
    "hostile": 0.8
  },
  "model": {
    "coeffs": [
      3165808.766570821,
      -93498.0237154153,
      865.8493455729758,
      -1.663056956944272
    ],
    "degree": 3,
    "r_squared": 0.7165630987106673,
    "expression": "H(α) = 3165808.77·α³ + -93498.02·α² + 865.85·α + -1.66"
  },
  "analysis": {
    "peak": {
      "alpha": 0.007448042293341248,
      "H": 0.9071885367450818
    },
    "our": {
      "alpha": 0.0072973525205055605,
      "H": 0.9066685842989521,
      "deviation": -0.000519952446129679
    },
    "derivatives": {
      "dH_peak": -0.05588835629168898,
      "dH_our": 7.010663891793229,
      "d2H_peak": -45519.634651337314,
      "d2H_our": -48378.64573058393,
      "slope_per_0_001": 0.007010663891793229
    },
    "boundaries": {
      "left_optimal": 0.00633993399339934,
      "right_optimal": 0.008762176217621763,
      "right_marginal": 0.009474147414741474
    },
    "integral": {
      "mean_H": 0.8334888167388137,
      "relative_advantage": 8.779933946380769,
      "total_area": 0.005834421717171696
    },
    "hostile_boundary": 0.010212249168963667
  }
}